,Ghost,Electron,Muon,Pion,Kaon,Proton
Ghost,1.0,0.974104938702,0.996025107361,0.969354360968,0.984963940032,0.982609295155
Electron,0.974104938032,1.0,0.999162758985,0.995717426004,0.997292662718,0.997339570175
Muon,0.996025108118,0.999162758985,1.0,0.992854150068,0.996701175966,0.997412775975
Pion,0.969354361116,0.995717427655,0.992854150087,1.0,0.959787175383,0.959677159963
Kaon,0.984963939933,0.997292663628,0.996701176537,0.959787175339,1.0,0.803674997861
Proton,0.982609295208,0.997339568727,0.997412775975,0.959677160318,0.803674997144,1.0
