,Ghost,Electron,Muon,Pion,Kaon,Proton
Ghost,1.0,1.02132249323,1.00402908879,1.00906065673,1.00790704359,1.00807212189
Electron,1.02132314903,1.0,1.00278506333,1.01868796843,1.01259830804,1.01216756071
Muon,1.00402908624,1.00278174288,1.0,1.0053473727,1.00334541349,1.00295612398
Pion,1.00906065692,1.01835407873,1.00532163256,1.0,1.00508005908,1.00578298196
Kaon,1.00790704359,1.0126315211,1.00334536432,1.00508014991,1.0,1.02096748416
Proton,1.00807212183,1.01216315564,1.00295621032,1.00578193673,1.02096748414,1.0
