,TrackP,TrackPt,P_Conf_level,Pt_Conf_level
Ghost,0.00411239106491,0.014707070456,0.000865028603257,0.000872513303986
Electron,0.0097794558563,0.0320273013775,0.00104480127048,0.000991690690799
Muon,0.030531967193,0.0469948483707,0.000913770128236,0.000887736353644
Pion,0.0178583631847,0.0149976584855,0.000847474648166,0.00084992186095
Kaon,0.0468891009256,0.0309529137701,0.000879430901442,0.0008687831854
Proton,0.0359152112956,0.0420765655385,0.00088543555123,0.000875447479746
