,TrackP,TrackPt
Ghost,0.623961718119,1.03663793772
Electron,1.49392664046,1.93178367747
Muon,1.4975554486,1.04453671997
Pion,1.08154070549,1.09242915802
Kaon,1.08858075063,0.844389560803
Proton,1.03705312266,0.944028443926
