,Particle,Electron,Proton,Pion,Muon,Kaon,Ghost
0,Electron,1.0,0.985354549432,0.977771333958,0.99639105526,0.984852477859,0.953952088794
1,Proton,0.98535025962,1.0,0.954159274449,0.994472990522,0.78717002217,0.975512962014
2,Pion,0.977450856903,0.954160265675,1.0,0.987573227966,0.954935957565,0.961072689606
3,Muon,0.996387755983,0.99447290491,0.98759851366,1.0,0.99337796477,0.992114904103
4,Kaon,0.984884781761,0.787170022887,0.954936043821,0.99337791665,1.0,0.977715068987
5,Ghost,0.953951485246,0.975512961802,0.961072689364,0.992114906045,0.97771506902,1.0
