,Particle,Electron,Proton,Pion,Muon,Kaon,Ghost
0,Electron,1.0,0.998017471158,1.00296065638,0.99833572429,1.002446913,0.997755286393
1,Proton,0.998021817586,1.0,0.989867637232,0.984142495081,0.96900920371,0.999249843273
2,Pion,1.00328948245,0.989866609431,1.0,0.960248366216,0.99569626901,1.00058752885
3,Muon,0.998339030017,0.984142579621,0.96022378043,1.0,0.989210579767,0.9903194065
4,Kaon,1.00241403492,0.969009201096,0.995696178784,0.989210627225,1.0,0.999861742529
5,Ghost,0.997755915541,0.999249843653,1.00058752897,0.990319404306,0.999861742734,1.0
