,Particle,TrackP,TrackPt
0,Electron,2.65321987684,2.19302423913
1,Proton,0.943470109071,1.04594305815
2,Pion,1.90128495551,1.38415586648
3,Muon,1.69116836367,1.19607900859
4,Kaon,0.786717149508,0.984762513397
5,Ghost,0.967470040724,1.28208284532
