,Ghost,Electron,Muon,Pion,Kaon,Proton
Ghost,1.0,0.972057712477,0.995308173056,0.967829198941,0.983908636835,0.981366137129
Electron,0.972057713147,1.0,0.999137218432,0.995035264325,0.997219266105,0.997118928564
Muon,0.995308174571,0.999137218432,1.0,0.992091329819,0.99627802237,0.996943558312
Pion,0.967829198848,0.994988083783,0.992091331591,1.0,0.958771201703,0.957882998895
Kaon,0.983908637266,0.997219261555,0.996277987509,0.958771331576,1.0,0.799069634481
Proton,0.981366137921,0.99711894159,0.996943559947,0.957883000408,0.799069634051,1.0
