,Ghost,Electron,Muon,Pion,Kaon,Proton
Ghost,1.0,1.01918420007,1.00333745354,1.00746129062,1.0068172898,1.00680248881
Electron,1.0191848566,1.0,1.00275383581,1.01792714423,1.01251264909,1.01193864324
Muon,1.00333745599,1.00275051547,1.0,1.00454673494,1.00291083838,1.00247168126
Pion,1.00746129083,1.01763869576,1.00452101489,1.0,1.00396678907,1.00385996971
Kaon,1.0068172899,1.01254585565,1.00291083099,1.00396676847,1.0,1.01482940947
Proton,1.00680248946,1.01193422447,1.00247176847,1.00385892117,1.01482940909,1.0
