,Ghost,Electron,Muon,Pion,Kaon,Proton
Ghost,1.0,0.972065504646,0.995338990692,0.967817929546,0.983898992531,0.981371732342
Electron,0.972065501966,1.0,0.99913164427,0.995017945045,0.997208294883,0.997113991807
Muon,0.995338986484,0.99913164427,1.0,0.99206346125,0.996269520131,0.996931011683
Pion,0.967817929677,0.994973759393,0.992063461665,1.0,0.958723967416,0.957842294923
Kaon,0.983898992332,0.997208299433,0.996269479211,0.958724073677,1.0,0.79884328918
Proton,0.981371731709,0.997114004833,0.996931010774,0.95784230035,0.79884328875,1.0
