,TrackP,TrackPt,P_Conf_level,Pt_Conf_level
Ghost,0.00509226293541,0.0218905438634,0.000873231255948,0.000865557751083
Electron,0.0095990067827,0.0339138841531,0.000997664538099,0.000959144642556
Muon,0.0235947156974,0.0375215610459,0.000888083136874,0.000891843858862
Pion,0.0169301812666,0.0148353512171,0.00084978140902,0.000849389524794
Kaon,0.0461089641951,0.031000118463,0.000877194989209,0.000873269302884
Proton,0.0372055741994,0.0427151360795,0.000890949056996,0.000879320441925
