,TrackP,TrackPt,P_Conf_level,Pt_Conf_level
Ghost,0.00732832678147,0.0295926576686,0.000866789961891,0.000866303671626
Electron,0.0106033940401,0.0383529098856,0.00100439810318,0.000996889669564
Muon,0.0240566103078,0.0371103422757,0.000893384051157,0.000886416413662
Pion,0.0168517669772,0.0152714842624,0.000853362464292,0.000847578109112
Kaon,0.0465260303945,0.0309024681187,0.000873239497217,0.000879752869897
Proton,0.0369216982462,0.043563233841,0.000879275265247,0.00089149896405
