,TrackP,TrackPt
Ghost,1.11190674655,2.08585875134
Electron,1.61979286665,2.31332401151
Muon,1.1799471555,0.82483754159
Pion,1.02057908425,1.11237462238
Kaon,1.08015167898,0.843013413092
Proton,1.0661154725,0.977383285184
