,TrackP,TrackPt
Ghost,0.772634965922,1.54296998263
Electron,1.46636092696,2.04557627489
Muon,1.15729179281,0.83397754566
Pion,1.02532802148,1.08060669968
Kaon,1.07046904,0.845677295786
Proton,1.07431240168,0.958355391633
