,Ghost,Electron,Muon,Pion,Kaon,Proton
Ghost,1.0,0.97240853963,0.99532398442,0.968167995774,0.98401076834,0.98170509228
Electron,0.972415787037,1.0,0.99911362053,0.995324118418,0.997251806632,0.997329780605
Muon,0.995324102235,0.99911362053,1.0,0.992681688414,0.996295268707,0.997223017532
Pion,0.968167991061,0.995320009036,0.992681720018,1.0,0.957935456823,0.95738549229
Kaon,0.984010686879,0.997251862148,0.996301471824,0.957936084246,1.0,0.802133683738
Proton,0.981705092069,0.99728098762,0.997223018078,0.957386652288,0.802133683881,1.0
