,TrackP,TrackPt,P_Conf_level,Pt_Conf_level
Ghost,0.00533228012314,0.0225009852073,0.000869716466431,0.000869483114791
Electron,0.0107373608407,0.0355405480237,0.00101733578734,0.00101205607233
Muon,0.0232360732749,0.0365275668297,0.000886398365168,0.000893646771357
Pion,0.0159869941508,0.0149299344665,0.000849569321071,0.000850943617856
Kaon,0.0463137445679,0.030081685188,0.000887200391372,0.000877182486087
Proton,0.0356013654712,0.0442205008156,0.000884780828292,0.000881351332247
