,TrackP,TrackPt
Ghost,0.809052109737,1.58599735901
Electron,1.64025786749,2.14369140101
Muon,1.13970082298,0.811884412172
Pion,0.968206590589,1.08749614177
Kaon,1.07522323591,0.820622611904
Proton,1.02799081228,0.992129705461
