,Electron,Proton,Pion,Muon,Kaon,Ghost
Electron,1.0,0.985354549432,0.977771333958,0.99639105526,0.984852477859,0.953768221586
Proton,0.98535025962,1.0,0.954159274449,0.994472990522,0.78717002217,0.974741066512
Pion,0.977450856903,0.954160265675,1.0,0.987573227966,0.954935957565,0.960650239062
Muon,0.996387755983,0.99447290491,0.98759851366,1.0,0.99337796477,0.992028138661
Kaon,0.984884781761,0.787170022887,0.954936043821,0.99337791665,1.0,0.977236885284
Ghost,0.953767609818,0.974741066512,0.960650238733,0.992028140428,0.977236885384,1.0
