,Ghost,Electron,Muon,Pion,Kaon,Proton
0,0.948406915559,0.985487481406,0.984409403965,0.934599263567,0.914772566655,0.917802648643
