,Ghost,Electron,Muon,Pion,Kaon,Proton
Ghost,1.0,0.970859365568,0.995642132585,0.966467372977,0.982236759124,0.980026775768
Electron,0.970859367578,1.0,0.999129683161,0.994634681248,0.996546133605,0.996520922498
Muon,0.995642132754,0.999129683161,1.0,0.992478231684,0.996331633367,0.997118015087
Pion,0.966467372823,0.994634681399,0.992478231665,1.0,0.957832894236,0.956948939522
Kaon,0.982236759257,0.996546134515,0.996331633138,0.957832894348,1.0,0.791571435328
Proton,0.980026775768,0.996520922498,0.997118014905,0.956948939345,0.791571436619,1.0
