,Ghost,Electron,Muon,Pion,Kaon,Proton
Ghost,1.0,1.04978635583,1.00355526223,1.00561318959,1.00462475256,1.00462711817
Electron,1.04974314684,1.0,1.00802262326,1.03437982034,1.03533264568,1.04514695296
Muon,1.0035552601,1.00821613382,1.0,1.00496672405,1.00297340663,1.00265972471
Pion,1.00561319,1.033366665,1.00494099369,1.0,1.00303355449,1.00292368892
Kaon,1.00462475239,1.03557537062,1.00297335828,1.00303364498,1.0,1.00559144064
Proton,1.00462711839,1.04521581057,1.00265981121,1.00292264722,1.00559143808,1.0
