,Ghost,Electron,Muon,Pion,Kaon,Proton
Ghost,1.0,0.970859364898,0.995642132585,0.966467372999,0.982236759157,0.980026775873
Electron,0.970859366908,1.0,0.999129683161,0.994634681098,0.996546133605,0.996520922498
Muon,0.995642132754,0.999129683161,1.0,0.992478231702,0.996331633481,0.997118015087
Pion,0.966467372851,0.994634681098,0.992478231759,1.0,0.957832894199,0.956948939534
Kaon,0.982236759124,0.996546134515,0.996331633138,0.9578328944,1.0,0.791571437049
Proton,0.980026776032,0.996520923945,0.997118014724,0.956948939345,0.791571437336,1.0
