,Ghost,Electron,Muon,Pion,Kaon,Proton
Ghost,1.0,1.01772340384,1.00355526223,1.00561318962,1.00462475243,1.00462711844
Electron,1.01772404563,1.0,1.0027518676,1.01758024362,1.0118403218,1.01133674469
Muon,1.0035552601,1.00274854726,1.0,1.00496672414,1.00297340663,1.00265972452
Pion,1.00561319003,1.01724671869,1.00494099371,1.0,1.00303355455,1.00292368892
Kaon,1.00462475243,1.01187351,1.0029733584,1.00303364494,1.0,1.00559144155
Proton,1.0046271185,1.0113323403,1.00265981121,1.00292264723,1.00559144027,1.0
