,TrackP,TrackPt,P_Conf_level,Pt_Conf_level
Ghost,0.00445999791518,0.0132631902693,0.000879947639699,0.000866645327368
Electron,0.00816372113665,0.031105536774,0.00103922042143,0.000998664415716
Muon,0.0307266493072,0.0429164153055,0.000898217799121,0.000889669620586
Pion,0.0179866442685,0.0149552863698,0.000849633017604,0.00085044443056
Kaon,0.0480144017217,0.0333613859537,0.000878041011634,0.00087496898256
Proton,0.0380015509868,0.0460148115345,0.000887990382516,0.00088657015917
