,TrackP,TrackPt,P_Conf_level,Pt_Conf_level
Ghost,0.00445999791518,0.0132631902693,0.000866109297867,0.000867278191748
Electron,0.00816372113665,0.031105536774,0.000990965805024,0.000988921793829
Muon,0.0307266493072,0.0429164153055,0.00089076854194,0.000885761033967
Pion,0.0179866442685,0.0149552863698,0.00085300824557,0.00085382859121
Kaon,0.0480144017217,0.0333613859537,0.000876433943595,0.000885291698115
Proton,0.0380015509868,0.0460148115345,0.000893236614318,0.000879356300157
