,TrackP,TrackPt
Ghost,0.676703143752,0.676703143752
Electron,1.24710420197,1.24710420197
Muon,1.50710436692,1.50710436692
Pion,1.08930968255,1.08930968255
Kaon,1.11470581512,1.11470581512
Proton,1.09729626237,1.09729626237
