,TrackP,TrackPt
Ghost,0.676703143752,0.93486505348
Electron,1.24710420197,1.87618580506
Muon,1.50710436692,0.953886930803
Pion,1.08930968255,1.08934277392
Kaon,1.11470581512,0.910092220798
Proton,1.09729626237,1.03238680188
