,Class,Ghost,Electron,Muon,Pion,Kaon,Proton
0,Ghost,1.0,0.990496554685,0.992995975623,0.997802351329,0.996221505553,0.997722634295
1,Electron,0.99049717714,1.0,1.0006573779,0.997033670241,1.00554411277,1.0034576496
2,Muon,0.992995973425,1.00065406449,1.0,0.975125984099,0.992902640643,0.990085640012
3,Pion,0.997802351785,0.996706882472,0.975101017723,1.0,0.988690377261,0.986140145338
4,Kaon,0.996221505214,1.00557709445,0.992902592892,0.988690466636,1.0,0.969517921554
5,Proton,0.997722634512,1.00345328098,0.990085725612,0.98613912089,0.969517921763,1.0
